"Sygdom";"Regionskode";"Region";"Aldersgruppe";"Køn";"Antal borgere";"Antal testede personer";"Antal Bekræftede tilfælde";"Antal nye indlæggelser";"Antal døde";"Positivprocent";"Bekræftede tilfælde pr. 100.000 borgere";"Testede personer pr. 100.000 borgere";"Nye indlæggelser pr. 100.000 borgere";"timestamp_2026-10-06T11:15:03.336"
RSV;Alle;Alle;01. 0-5 måneder;Alle;30604;41;0;0;0;0,00;0,00;133,97;0,00;
RSV;Alle;Alle;01. 0-5 måneder;K;14744;12;0;0;0;0,00;0,00;81,39;0,00;
RSV;Alle;Alle;01. 0-5 måneder;M;15860;29;0;0;0;0,00;0,00;182,85;0,00;
RSV;Alle;Alle;02. 6-11 måneder;Alle;29017;18;0;0;0;0,00;0,00;62,03;0,00;
RSV;Alle;Alle;02. 6-11 måneder;K;14032;4;0;0;0;0,00;0,00;28,51;0,00;
RSV;Alle;Alle;02. 6-11 måneder;M;14985;14;0;0;0;0,00;0,00;93,43;0,00;
RSV;Alle;Alle;03. 1 år;Alle;59461;43;0;0;0;0,00;0,00;72,32;0,00;
RSV;Alle;Alle;03. 1 år;K;28844;17;0;0;0;0,00;0,00;58,94;0,00;
RSV;Alle;Alle;03. 1 år;M;30617;26;0;0;0;0,00;0,00;84,92;0,00;
RSV;Alle;Alle;04. 2 år;Alle;57554;18;0;0;0;0,00;0,00;31,27;0,00;
RSV;Alle;Alle;04. 2 år;K;27818;6;0;0;0;0,00;0,00;21,57;0,00;
RSV;Alle;Alle;04. 2 år;M;29736;12;0;0;0;0,00;0,00;40,36;0,00;
RSV;Alle;Alle;05. 3-5 år;Alle;184509;23;0;0;0;0,00;0,00;12,47;0,00;
RSV;Alle;Alle;05. 3-5 år;K;89579;9;0;0;0;0,00;0,00;10,05;0,00;
RSV;Alle;Alle;05. 3-5 år;M;94930;14;0;0;0;0,00;0,00;14,75;0,00;
RSV;Alle;Alle;06. 6-14 år;Alle;562986;46;0;0;0;0,00;0,00;8,17;0,00;
RSV;Alle;Alle;06. 6-14 år;K;273858;27;0;0;0;0,00;0,00;9,86;0,00;
RSV;Alle;Alle;06. 6-14 år;M;289128;19;0;0;0;0,00;0,00;6,57;0,00;
RSV;Alle;Alle;07. 15-44 år;Alle;2278677;388;0;0;0;0,00;0,00;17,03;0,00;
RSV;Alle;Alle;07. 15-44 år;K;1119751;236;0;0;0;0,00;0,00;21,08;0,00;
RSV;Alle;Alle;07. 15-44 år;M;1158926;151;0;0;0;0,00;0,00;13,03;0,00;
RSV;Alle;Alle;08. 45-64 år;Alle;1539146;369;0;0;0;0,00;0,00;23,97;0,00;
RSV;Alle;Alle;08. 45-64 år;K;773319;200;0;0;0;0,00;0,00;25,86;0,00;
RSV;Alle;Alle;08. 45-64 år;M;765827;164;0;0;0;0,00;0,00;21,41;0,00;
RSV;Alle;Alle;09. 65-74 år;Alle;634388;251;0;0;0;0,00;0,00;39,57;0,00;
RSV;Alle;Alle;09. 65-74 år;K;326899;124;0;0;0;0,00;0,00;37,93;0,00;
RSV;Alle;Alle;09. 65-74 år;M;307489;122;0;0;0;0,00;0,00;39,68;0,00;
RSV;Alle;Alle;10. 75-84 år;Alle;492551;330;0;0;0;0,00;0,00;67,00;0,00;
RSV;Alle;Alle;10. 75-84 år;K;266856;142;0;0;0;0,00;0,00;53,21;0,00;
RSV;Alle;Alle;10. 75-84 år;M;225695;184;0;0;0;0,00;0,00;81,53;0,00;
RSV;Alle;Alle;11. 85+ år;Alle;158589;185;1;1;0;0,01;0,63;116,65;0,63;
RSV;Alle;Alle;11. 85+ år;K;97899;95;1;1;0;0,01;1,02;97,04;1,02;
RSV;Alle;Alle;11. 85+ år;M;60690;90;0;0;0;0,00;0,00;148,29;0,00;
RSV;Alle;Alle;Alle;Alle;6027482;1712;1;1;0;0,00;0,02;28,40;0,02;
RSV;Alle;Alle;Alle;K;3033599;872;1;1;0;0,00;0,03;28,74;0,03;
RSV;Alle;Alle;Alle;M;2993883;825;0;0;0;0,00;0,00;27,56;0,00;
RSV;1084;Hovedstaden;01. 0-5 måneder;Alle;11409;27;0;0;0;0,00;0,00;236,66;0,00;
RSV;1084;Hovedstaden;01. 0-5 måneder;K;5503;7;0;0;0;0,00;0,00;127,20;0,00;
RSV;1084;Hovedstaden;01. 0-5 måneder;M;5906;20;0;0;0;0,00;0,00;338,64;0,00;
RSV;1084;Hovedstaden;02. 6-11 måneder;Alle;10615;10;0;0;0;0,00;0,00;94,21;0,00;
RSV;1084;Hovedstaden;02. 6-11 måneder;K;5133;2;0;0;0;0,00;0,00;38,96;0,00;
RSV;1084;Hovedstaden;02. 6-11 måneder;M;5482;8;0;0;0;0,00;0,00;145,93;0,00;
RSV;1084;Hovedstaden;03. 1 år;Alle;21081;28;0;0;0;0,00;0,00;132,82;0,00;
RSV;1084;Hovedstaden;03. 1 år;K;10250;11;0;0;0;0,00;0,00;107,32;0,00;
RSV;1084;Hovedstaden;03. 1 år;M;10831;17;0;0;0;0,00;0,00;156,96;0,00;
RSV;1084;Hovedstaden;04. 2 år;Alle;19763;13;0;0;0;0,00;0,00;65,78;0,00;
RSV;1084;Hovedstaden;04. 2 år;K;9649;4;0;0;0;0,00;0,00;41,46;0,00;
RSV;1084;Hovedstaden;04. 2 år;M;10114;9;0;0;0;0,00;0,00;88,99;0,00;
RSV;1084;Hovedstaden;05. 3-5 år;Alle;60576;16;0;0;0;0,00;0,00;26,41;0,00;
RSV;1084;Hovedstaden;05. 3-5 år;K;29400;6;0;0;0;0,00;0,00;20,41;0,00;
RSV;1084;Hovedstaden;05. 3-5 år;M;31176;10;0;0;0;0,00;0,00;32,08;0,00;
RSV;1084;Hovedstaden;06. 6-14 år;Alle;179163;31;0;0;0;0,00;0,00;17,30;0,00;
RSV;1084;Hovedstaden;06. 6-14 år;K;87197;19;0;0;0;0,00;0,00;21,79;0,00;
RSV;1084;Hovedstaden;06. 6-14 år;M;91966;12;0;0;0;0,00;0,00;13,05;0,00;
RSV;1084;Hovedstaden;07. 15-44 år;Alle;815690;291;0;0;0;0,00;0,00;35,68;0,00;
RSV;1084;Hovedstaden;07. 15-44 år;K;409564;171;0;0;0;0,00;0,00;41,75;0,00;
RSV;1084;Hovedstaden;07. 15-44 år;M;406126;120;0;0;0;0,00;0,00;29,55;0,00;
RSV;1084;Hovedstaden;08. 45-64 år;Alle;478526;268;0;0;0;0,00;0,00;56,01;0,00;
RSV;1084;Hovedstaden;08. 45-64 år;K;242030;153;0;0;0;0,00;0,00;63,22;0,00;
RSV;1084;Hovedstaden;08. 45-64 år;M;236496;115;0;0;0;0,00;0,00;48,63;0,00;
RSV;1084;Hovedstaden;09. 65-74 år;Alle;170765;147;0;0;0;0,00;0,00;86,08;0,00;
RSV;1084;Hovedstaden;09. 65-74 år;K;89311;83;0;0;0;0,00;0,00;92,93;0,00;
RSV;1084;Hovedstaden;09. 65-74 år;M;81454;64;0;0;0;0,00;0,00;78,57;0,00;
RSV;1084;Hovedstaden;10. 75-84 år;Alle;134289;192;0;0;0;0,00;0,00;142,98;0,00;
RSV;1084;Hovedstaden;10. 75-84 år;K;75341;88;0;0;0;0,00;0,00;116,80;0,00;
RSV;1084;Hovedstaden;10. 75-84 år;M;58948;104;0;0;0;0,00;0,00;176,43;0,00;
RSV;1084;Hovedstaden;11. 85+ år;Alle;43851;102;1;1;0;0,01;2,28;232,61;2,28;
RSV;1084;Hovedstaden;11. 85+ år;K;28150;58;1;1;0;0,02;3,55;206,04;3,55;
RSV;1084;Hovedstaden;11. 85+ år;M;15701;44;0;0;0;0,00;0,00;280,24;0,00;
RSV;1084;Hovedstaden;Alle;Alle;1945728;1125;1;1;0;0,00;0,05;57,82;0,05;
RSV;1084;Hovedstaden;Alle;K;991528;602;1;1;0;0,00;0,10;60,71;0,10;
RSV;1084;Hovedstaden;Alle;M;954200;523;0;0;0;0,00;0,00;54,81;0,00;
RSV;1082;Midtjylland;01. 0-5 måneder;Alle;7275;7;0;0;0;0,00;0,00;96,22;0,00;
RSV;1082;Midtjylland;01. 0-5 måneder;K;3520;2;0;0;0;0,00;0,00;56,82;0,00;
RSV;1082;Midtjylland;01. 0-5 måneder;M;3755;5;0;0;0;0,00;0,00;133,16;0,00;
RSV;1082;Midtjylland;02. 6-11 måneder;Alle;6807;1;0;0;0;0,00;0,00;14,69;0,00;
RSV;1082;Midtjylland;02. 6-11 måneder;K;3322;0;0;0;0;0,00;0,00;0,00;0,00;
RSV;1082;Midtjylland;02. 6-11 måneder;M;3485;1;0;0;0;0,00;0,00;28,69;0,00;
RSV;1082;Midtjylland;03. 1 år;Alle;14042;2;0;0;0;0,00;0,00;14,24;0,00;
RSV;1082;Midtjylland;03. 1 år;K;6760;0;0;0;0;0,00;0,00;0,00;0,00;
RSV;1082;Midtjylland;03. 1 år;M;7282;2;0;0;0;0,00;0,00;27,46;0,00;
RSV;1082;Midtjylland;04. 2 år;Alle;13838;1;0;0;0;0,00;0,00;7,23;0,00;
RSV;1082;Midtjylland;04. 2 år;K;6710;0;0;0;0;0,00;0,00;0,00;0,00;
RSV;1082;Midtjylland;04. 2 år;M;7128;1;0;0;0;0,00;0,00;14,03;0,00;
RSV;1082;Midtjylland;05. 3-5 år;Alle;44445;2;0;0;0;0,00;0,00;4,50;0,00;
RSV;1082;Midtjylland;05. 3-5 år;K;21585;1;0;0;0;0,00;0,00;4,63;0,00;
RSV;1082;Midtjylland;05. 3-5 år;M;22860;1;0;0;0;0,00;0,00;4,37;0,00;
RSV;1082;Midtjylland;06. 6-14 år;Alle;132814;3;0;0;0;0,00;0,00;2,26;0,00;
RSV;1082;Midtjylland;06. 6-14 år;K;64625;1;0;0;0;0,00;0,00;1,55;0,00;
RSV;1082;Midtjylland;06. 6-14 år;M;68189;2;0;0;0;0,00;0,00;2,93;0,00;
RSV;1082;Midtjylland;07. 15-44 år;Alle;532982;24;0;0;0;0,00;0,00;4,50;0,00;
RSV;1082;Midtjylland;07. 15-44 år;K;261867;15;0;0;0;0,00;0,00;5,73;0,00;
RSV;1082;Midtjylland;07. 15-44 år;M;271115;9;0;0;0;0,00;0,00;3,32;0,00;
RSV;1082;Midtjylland;08. 45-64 år;Alle;344053;18;0;0;0;0,00;0,00;5,23;0,00;
RSV;1082;Midtjylland;08. 45-64 år;K;172518;11;0;0;0;0,00;0,00;6,38;0,00;
RSV;1082;Midtjylland;08. 45-64 år;M;171535;7;0;0;0;0,00;0,00;4,08;0,00;
RSV;1082;Midtjylland;09. 65-74 år;Alle;145323;8;0;0;0;0,00;0,00;5,50;0,00;
RSV;1082;Midtjylland;09. 65-74 år;K;74487;2;0;0;0;0,00;0,00;2,69;0,00;
RSV;1082;Midtjylland;09. 65-74 år;M;70836;6;0;0;0;0,00;0,00;8,47;0,00;
RSV;1082;Midtjylland;10. 75-84 år;Alle;110161;11;0;0;0;0,00;0,00;9,99;0,00;
RSV;1082;Midtjylland;10. 75-84 år;K;58652;6;0;0;0;0,00;0,00;10,23;0,00;
RSV;1082;Midtjylland;10. 75-84 år;M;51509;5;0;0;0;0,00;0,00;9,71;0,00;
RSV;1082;Midtjylland;11. 85+ år;Alle;35087;3;0;0;0;0,00;0,00;8,55;0,00;
RSV;1082;Midtjylland;11. 85+ år;K;21316;1;0;0;0;0,00;0,00;4,69;0,00;
RSV;1082;Midtjylland;11. 85+ år;M;13771;2;0;0;0;0,00;0,00;14,52;0,00;
RSV;1082;Midtjylland;Alle;Alle;1386827;80;0;0;0;0,00;0,00;5,77;0,00;
RSV;1082;Midtjylland;Alle;K;695362;39;0;0;0;0,00;0,00;5,61;0,00;
RSV;1082;Midtjylland;Alle;M;691465;41;0;0;0;0,00;0,00;5,93;0,00;
RSV;1081;Nordjylland;01. 0-5 måneder;Alle;2700;3;0;0;0;0,00;0,00;111,11;0,00;
RSV;1081;Nordjylland;01. 0-5 måneder;K;1297;1;0;0;0;0,00;0,00;77,10;0,00;
RSV;1081;Nordjylland;01. 0-5 måneder;M;1403;2;0;0;0;0,00;0,00;142,55;0,00;
RSV;1081;Nordjylland;02. 6-11 måneder;Alle;2626;3;0;0;0;0,00;0,00;114,24;0,00;
RSV;1081;Nordjylland;02. 6-11 måneder;K;1277;1;0;0;0;0,00;0,00;78,31;0,00;
RSV;1081;Nordjylland;02. 6-11 måneder;M;1349;2;0;0;0;0,00;0,00;148,26;0,00;
RSV;1081;Nordjylland;03. 1 år;Alle;5405;7;0;0;0;0,00;0,00;129,51;0,00;
RSV;1081;Nordjylland;03. 1 år;K;2606;2;0;0;0;0,00;0,00;76,75;0,00;
RSV;1081;Nordjylland;03. 1 år;M;2799;5;0;0;0;0,00;0,00;178,64;0,00;
RSV;1081;Nordjylland;04. 2 år;Alle;5265;1;0;0;0;0,00;0,00;18,99;0,00;
RSV;1081;Nordjylland;04. 2 år;K;2546;0;0;0;0;0,00;0,00;0,00;0,00;
RSV;1081;Nordjylland;04. 2 år;M;2719;1;0;0;0;0,00;0,00;36,78;0,00;
RSV;1081;Nordjylland;05. 3-5 år;Alle;17408;2;0;0;0;0,00;0,00;11,49;0,00;
RSV;1081;Nordjylland;05. 3-5 år;K;8390;0;0;0;0;0,00;0,00;0,00;0,00;
RSV;1081;Nordjylland;05. 3-5 år;M;9018;2;0;0;0;0,00;0,00;22,18;0,00;
RSV;1081;Nordjylland;06. 6-14 år;Alle;54020;5;0;0;0;0,00;0,00;9,26;0,00;
RSV;1081;Nordjylland;06. 6-14 år;K;26316;5;0;0;0;0,00;0,00;19,00;0,00;
RSV;1081;Nordjylland;06. 6-14 år;M;27704;0;0;0;0;0,00;0,00;0,00;0,00;
RSV;1081;Nordjylland;07. 15-44 år;Alle;214090;19;0;0;0;0,00;0,00;8,87;0,00;
RSV;1081;Nordjylland;07. 15-44 år;K;102145;13;0;0;0;0,00;0,00;12,73;0,00;
RSV;1081;Nordjylland;07. 15-44 år;M;111945;6;0;0;0;0,00;0,00;5,36;0,00;
RSV;1081;Nordjylland;08. 45-64 år;Alle;150760;13;0;0;0;0,00;0,00;8,62;0,00;
RSV;1081;Nordjylland;08. 45-64 år;K;75036;5;0;0;0;0,00;0,00;6,66;0,00;
RSV;1081;Nordjylland;08. 45-64 år;M;75724;8;0;0;0;0,00;0,00;10,56;0,00;
RSV;1081;Nordjylland;09. 65-74 år;Alle;69891;20;0;0;0;0,00;0,00;28,62;0,00;
RSV;1081;Nordjylland;09. 65-74 år;K;35617;9;0;0;0;0,00;0,00;25,27;0,00;
RSV;1081;Nordjylland;09. 65-74 år;M;34274;11;0;0;0;0,00;0,00;32,09;0,00;
RSV;1081;Nordjylland;10. 75-84 år;Alle;53918;39;0;0;0;0,00;0,00;72,33;0,00;
RSV;1081;Nordjylland;10. 75-84 år;K;28480;18;0;0;0;0,00;0,00;63,20;0,00;
RSV;1081;Nordjylland;10. 75-84 år;M;25438;21;0;0;0;0,00;0,00;82,55;0,00;
RSV;1081;Nordjylland;11. 85+ år;Alle;17436;25;0;0;0;0,00;0,00;143,38;0,00;
RSV;1081;Nordjylland;11. 85+ år;K;10542;14;0;0;0;0,00;0,00;132,80;0,00;
RSV;1081;Nordjylland;11. 85+ år;M;6894;11;0;0;0;0,00;0,00;159,56;0,00;
RSV;1081;Nordjylland;Alle;Alle;593519;137;0;0;0;0,00;0,00;23,08;0,00;
RSV;1081;Nordjylland;Alle;K;294252;68;0;0;0;0,00;0,00;23,11;0,00;
RSV;1081;Nordjylland;Alle;M;299267;69;0;0;0;0,00;0,00;23,06;0,00;
RSV;1085;Sjælland;01. 0-5 måneder;Alle;3589;4;0;0;0;0,00;0,00;111,45;0,00;
RSV;1085;Sjælland;01. 0-5 måneder;K;1721;2;0;0;0;0,00;0,00;116,21;0,00;
RSV;1085;Sjælland;01. 0-5 måneder;M;1868;2;0;0;0;0,00;0,00;107,07;0,00;
RSV;1085;Sjælland;02. 6-11 måneder;Alle;3566;2;0;0;0;0,00;0,00;56,09;0,00;
RSV;1085;Sjælland;02. 6-11 måneder;K;1709;1;0;0;0;0,00;0,00;58,51;0,00;
RSV;1085;Sjælland;02. 6-11 måneder;M;1857;1;0;0;0;0,00;0,00;53,85;0,00;
RSV;1085;Sjælland;03. 1 år;Alle;7446;4;0;0;0;0,00;0,00;53,72;0,00;
RSV;1085;Sjælland;03. 1 år;K;3641;3;0;0;0;0,00;0,00;82,39;0,00;
RSV;1085;Sjælland;03. 1 år;M;3805;1;0;0;0;0,00;0,00;26,28;0,00;
RSV;1085;Sjælland;04. 2 år;Alle;7398;2;0;0;0;0,00;0,00;27,03;0,00;
RSV;1085;Sjælland;04. 2 år;K;3546;1;0;0;0;0,00;0,00;28,20;0,00;
RSV;1085;Sjælland;04. 2 år;M;3852;1;0;0;0;0,00;0,00;25,96;0,00;
RSV;1085;Sjælland;05. 3-5 år;Alle;25065;2;0;0;0;0,00;0,00;7,98;0,00;
RSV;1085;Sjælland;05. 3-5 år;K;12172;1;0;0;0;0,00;0,00;8,22;0,00;
RSV;1085;Sjælland;05. 3-5 år;M;12893;1;0;0;0;0,00;0,00;7,76;0,00;
RSV;1085;Sjælland;06. 6-14 år;Alle;79998;6;0;0;0;0,00;0,00;7,50;0,00;
RSV;1085;Sjælland;06. 6-14 år;K;38917;2;0;0;0;0,00;0,00;5,14;0,00;
RSV;1085;Sjælland;06. 6-14 år;M;41081;4;0;0;0;0,00;0,00;9,74;0,00;
RSV;1085;Sjælland;07. 15-44 år;Alle;281088;35;0;0;0;0,00;0,00;12,45;0,00;
RSV;1085;Sjælland;07. 15-44 år;K;136053;24;0;0;0;0,00;0,00;17,64;0,00;
RSV;1085;Sjælland;07. 15-44 år;M;145035;11;0;0;0;0,00;0,00;7,58;0,00;
RSV;1085;Sjælland;08. 45-64 år;Alle;238288;36;0;0;0;0,00;0,00;15,11;0,00;
RSV;1085;Sjælland;08. 45-64 år;K;119787;18;0;0;0;0,00;0,00;15,03;0,00;
RSV;1085;Sjælland;08. 45-64 år;M;118501;18;0;0;0;0,00;0,00;15,19;0,00;
RSV;1085;Sjælland;09. 65-74 år;Alle;103573;37;0;0;0;0,00;0,00;35,72;0,00;
RSV;1085;Sjælland;09. 65-74 år;K;53419;16;0;0;0;0,00;0,00;29,95;0,00;
RSV;1085;Sjælland;09. 65-74 år;M;50154;21;0;0;0;0,00;0,00;41,87;0,00;
RSV;1085;Sjælland;10. 75-84 år;Alle;83199;54;0;0;0;0,00;0,00;64,90;0,00;
RSV;1085;Sjælland;10. 75-84 år;K;44951;20;0;0;0;0,00;0,00;44,49;0,00;
RSV;1085;Sjælland;10. 75-84 år;M;38248;34;0;0;0;0,00;0,00;88,89;0,00;
RSV;1085;Sjælland;11. 85+ år;Alle;24977;36;0;0;0;0,00;0,00;144,13;0,00;
RSV;1085;Sjælland;11. 85+ år;K;15140;16;0;0;0;0,00;0,00;105,68;0,00;
RSV;1085;Sjælland;11. 85+ år;M;9837;20;0;0;0;0,00;0,00;203,31;0,00;
RSV;1085;Sjælland;Alle;Alle;858187;218;0;0;0;0,00;0,00;25,40;0,00;
RSV;1085;Sjælland;Alle;K;431056;104;0;0;0;0,00;0,00;24,13;0,00;
RSV;1085;Sjælland;Alle;M;427131;114;0;0;0;0,00;0,00;26,69;0,00;
RSV;1083;Syddanmark;01. 0-5 måneder;Alle;5631;0;0;0;0;0,00;0,00;0,00;0,00;
RSV;1083;Syddanmark;01. 0-5 måneder;K;2703;0;0;0;0;0,00;0,00;0,00;0,00;
RSV;1083;Syddanmark;01. 0-5 måneder;M;2928;0;0;0;0;0,00;0,00;0,00;0,00;
RSV;1083;Syddanmark;02. 6-11 måneder;Alle;5403;2;0;0;0;0,00;0,00;37,02;0,00;
RSV;1083;Syddanmark;02. 6-11 måneder;K;2591;0;0;0;0;0,00;0,00;0,00;0,00;
RSV;1083;Syddanmark;02. 6-11 måneder;M;2812;2;0;0;0;0,00;0,00;71,12;0,00;
RSV;1083;Syddanmark;03. 1 år;Alle;11487;2;0;0;0;0,00;0,00;17,41;0,00;
RSV;1083;Syddanmark;03. 1 år;K;5587;1;0;0;0;0,00;0,00;17,90;0,00;
RSV;1083;Syddanmark;03. 1 år;M;5900;1;0;0;0;0,00;0,00;16,95;0,00;
RSV;1083;Syddanmark;04. 2 år;Alle;11290;1;0;0;0;0,00;0,00;8,86;0,00;
RSV;1083;Syddanmark;04. 2 år;K;5367;1;0;0;0;0,00;0,00;18,63;0,00;
RSV;1083;Syddanmark;04. 2 år;M;5923;0;0;0;0;0,00;0,00;0,00;0,00;
RSV;1083;Syddanmark;05. 3-5 år;Alle;37015;1;0;0;0;0,00;0,00;2,70;0,00;
RSV;1083;Syddanmark;05. 3-5 år;K;18032;1;0;0;0;0,00;0,00;5,55;0,00;
RSV;1083;Syddanmark;05. 3-5 år;M;18983;0;0;0;0;0,00;0,00;0,00;0,00;
RSV;1083;Syddanmark;06. 6-14 år;Alle;116991;1;0;0;0;0,00;0,00;0,85;0,00;
RSV;1083;Syddanmark;06. 6-14 år;K;56803;0;0;0;0;0,00;0,00;0,00;0,00;
RSV;1083;Syddanmark;06. 6-14 år;M;60188;1;0;0;0;0,00;0,00;1,66;0,00;
RSV;1083;Syddanmark;07. 15-44 år;Alle;434827;18;0;0;0;0,00;0,00;4,14;0,00;
RSV;1083;Syddanmark;07. 15-44 år;K;210122;13;0;0;0;0,00;0,00;6,19;0,00;
RSV;1083;Syddanmark;07. 15-44 år;M;224705;5;0;0;0;0,00;0,00;2,23;0,00;
RSV;1083;Syddanmark;08. 45-64 år;Alle;327519;29;0;0;0;0,00;0,00;8,85;0,00;
RSV;1083;Syddanmark;08. 45-64 år;K;163948;13;0;0;0;0,00;0,00;7,93;0,00;
RSV;1083;Syddanmark;08. 45-64 år;M;163571;16;0;0;0;0,00;0,00;9,78;0,00;
RSV;1083;Syddanmark;09. 65-74 år;Alle;144836;34;0;0;0;0,00;0,00;23,47;0,00;
RSV;1083;Syddanmark;09. 65-74 år;K;74065;14;0;0;0;0,00;0,00;18,90;0,00;
RSV;1083;Syddanmark;09. 65-74 år;M;70771;20;0;0;0;0,00;0,00;28,26;0,00;
RSV;1083;Syddanmark;10. 75-84 år;Alle;110984;30;0;0;0;0,00;0,00;27,03;0,00;
RSV;1083;Syddanmark;10. 75-84 år;K;59432;10;0;0;0;0,00;0,00;16,83;0,00;
RSV;1083;Syddanmark;10. 75-84 år;M;51552;20;0;0;0;0,00;0,00;38,80;0,00;
RSV;1083;Syddanmark;11. 85+ år;Alle;37238;19;0;0;0;0,00;0,00;51,02;0,00;
RSV;1083;Syddanmark;11. 85+ år;K;22751;6;0;0;0;0,00;0,00;26,37;0,00;
RSV;1083;Syddanmark;11. 85+ år;M;14487;13;0;0;0;0,00;0,00;89,74;0,00;
RSV;1083;Syddanmark;Alle;Alle;1243221;137;0;0;0;0,00;0,00;11,02;0,00;
RSV;1083;Syddanmark;Alle;K;621401;59;0;0;0;0,00;0,00;9,49;0,00;
RSV;1083;Syddanmark;Alle;M;621820;78;0;0;0;0,00;0,00;12,54;0,00;
