"Sygdom";"Regionskode";"Region";"Aldersgruppe";"Køn";"Antal borgere";"Antal testede personer";"Antal Bekræftede tilfælde";"Antal nye indlæggelser";"Antal døde";"Positivprocent";"Bekræftede tilfælde pr. 100.000 borgere";"Testede personer pr. 100.000 borgere";"Nye indlæggelser pr. 100.000 borgere";"timestamp_2026-10-06T11:15:03.147"
INFLA;Alle;Alle;00-01;Alle;118782;104;1;0;0;0,01;0,84;87,56;0,00;
INFLA;Alle;Alle;00-01;K;57486;35;0;0;0;0,00;0,00;60,88;0,00;
INFLA;Alle;Alle;00-01;M;61296;69;1;0;0;0,01;1,63;112,57;0,00;
INFLA;Alle;Alle;02-06;Alle;306496;47;0;0;0;0,00;0,00;15,33;0,00;
INFLA;Alle;Alle;02-06;K;148920;20;0;0;0;0,00;0,00;13,43;0,00;
INFLA;Alle;Alle;02-06;M;157576;27;0;0;0;0,00;0,00;17,13;0,00;
INFLA;Alle;Alle;07-14;Alle;499478;42;0;0;0;0,00;0,00;8,41;0,00;
INFLA;Alle;Alle;07-14;K;242778;22;0;0;0;0,00;0,00;9,06;0,00;
INFLA;Alle;Alle;07-14;M;256700;20;0;0;0;0,00;0,00;7,79;0,00;
INFLA;Alle;Alle;15-44;Alle;2272414;411;12;0;0;0,03;0,53;18,09;0,00;
INFLA;Alle;Alle;15-44;K;1115818;245;5;0;0;0,02;0,45;21,96;0,00;
INFLA;Alle;Alle;15-44;M;1156596;164;7;0;0;0,04;0,61;14,18;0,00;
INFLA;Alle;Alle;45-64;Alle;1539939;394;22;2;0;0,06;1,43;25,59;0,13;
INFLA;Alle;Alle;45-64;K;773749;211;10;0;0;0,05;1,29;27,27;0,00;
INFLA;Alle;Alle;45-64;M;766190;177;12;2;0;0,07;1,57;23,10;0,26;
INFLA;Alle;Alle;65-74;Alle;632883;272;7;3;0;0,03;1,11;42,98;0,47;
INFLA;Alle;Alle;65-74;K;326083;135;5;2;0;0,04;1,53;41,40;0,61;
INFLA;Alle;Alle;65-74;M;306800;132;2;1;0;0,02;0,65;43,02;0,33;
INFLA;Alle;Alle;75-84;Alle;492054;359;5;2;0;0,01;1,02;72,96;0,41;
INFLA;Alle;Alle;75-84;K;266574;152;4;2;0;0,03;1,50;57,02;0,75;
INFLA;Alle;Alle;75-84;M;225480;203;1;0;0;0,00;0,44;90,03;0,00;
INFLA;Alle;Alle;85+;Alle;157342;194;4;3;1;0,02;2,54;123,30;1,91;
INFLA;Alle;Alle;85+;K;97291;96;3;2;0;0,03;3,08;98,67;2,06;
INFLA;Alle;Alle;85+;M;60051;98;1;1;1;0,01;1,67;163,19;1,67;
INFLA;Alle;Alle;Alle;Alle;6019388;1823;51;10;1;0,03;0,85;30,29;0,17;
INFLA;Alle;Alle;Alle;K;3028699;916;27;6;0;0,03;0,89;30,24;0,20;
INFLA;Alle;Alle;Alle;M;2990689;890;24;4;1;0,03;0,80;29,76;0,13;
INFLA;1084;Hovedstaden;00-01;Alle;42939;65;1;0;0;0,02;2,33;151,38;0,00;
INFLA;1084;Hovedstaden;00-01;K;20805;20;0;0;0;0,00;0,00;96,13;0,00;
INFLA;1084;Hovedstaden;00-01;M;22134;45;1;0;0;0,02;4,52;203,31;0,00;
INFLA;1084;Hovedstaden;02-06;Alle;101341;32;0;0;0;0,00;0,00;31,58;0,00;
INFLA;1084;Hovedstaden;02-06;K;49247;13;0;0;0;0,00;0,00;26,40;0,00;
INFLA;1084;Hovedstaden;02-06;M;52094;19;0;0;0;0,00;0,00;36,47;0,00;
INFLA;1084;Hovedstaden;07-14;Alle;158527;29;0;0;0;0,00;0,00;18,29;0,00;
INFLA;1084;Hovedstaden;07-14;K;77201;16;0;0;0;0,00;0,00;20,73;0,00;
INFLA;1084;Hovedstaden;07-14;M;81326;13;0;0;0;0,00;0,00;15,99;0,00;
INFLA;1084;Hovedstaden;15-44;Alle;813155;288;8;0;0;0,03;0,98;35,42;0,00;
INFLA;1084;Hovedstaden;15-44;K;407687;165;3;0;0;0,02;0,74;40,47;0,00;
INFLA;1084;Hovedstaden;15-44;M;405468;123;5;0;0;0,04;1,23;30,34;0,00;
INFLA;1084;Hovedstaden;45-64;Alle;478519;276;18;1;0;0,07;3,76;57,68;0,21;
INFLA;1084;Hovedstaden;45-64;K;242016;158;8;0;0;0,05;3,31;65,28;0,00;
INFLA;1084;Hovedstaden;45-64;M;236503;118;10;1;0;0,08;4,23;49,89;0,42;
INFLA;1084;Hovedstaden;65-74;Alle;170212;149;4;1;0;0,03;2,35;87,54;0,59;
INFLA;1084;Hovedstaden;65-74;K;88969;87;3;1;0;0,03;3,37;97,79;1,12;
INFLA;1084;Hovedstaden;65-74;M;81243;62;1;0;0;0,02;1,23;76,31;0,00;
INFLA;1084;Hovedstaden;75-84;Alle;134219;195;5;2;0;0,03;3,73;145,28;1,49;
INFLA;1084;Hovedstaden;75-84;K;75294;90;4;2;0;0,04;5,31;119,53;2,66;
INFLA;1084;Hovedstaden;75-84;M;58925;105;1;0;0;0,01;1,70;178,19;0,00;
INFLA;1084;Hovedstaden;85+;Alle;43542;102;3;3;0;0,03;6,89;234,26;6,89;
INFLA;1084;Hovedstaden;85+;K;27995;55;2;2;0;0,04;7,14;196,46;7,14;
INFLA;1084;Hovedstaden;85+;M;15547;47;1;1;0;0,02;6,43;302,31;6,43;
INFLA;1084;Hovedstaden;Alle;Alle;1942454;1136;39;7;0;0,03;2,01;58,48;0,36;
INFLA;1084;Hovedstaden;Alle;K;989214;604;20;5;0;0,03;2,02;61,06;0,51;
INFLA;1084;Hovedstaden;Alle;M;953240;532;19;2;0;0,04;1,99;55,81;0,21;
INFLA;1082;Midtjylland;00-01;Alle;28109;9;0;0;0;0,00;0,00;32,02;0,00;
INFLA;1082;Midtjylland;00-01;K;13576;2;0;0;0;0,00;0,00;14,73;0,00;
INFLA;1082;Midtjylland;00-01;M;14533;7;0;0;0;0,00;0,00;48,17;0,00;
INFLA;1082;Midtjylland;02-06;Alle;73621;3;0;0;0;0,00;0,00;4,07;0,00;
INFLA;1082;Midtjylland;02-06;K;35811;1;0;0;0;0,00;0,00;2,79;0,00;
INFLA;1082;Midtjylland;02-06;M;37810;2;0;0;0;0,00;0,00;5,29;0,00;
INFLA;1082;Midtjylland;07-14;Alle;117650;3;0;0;0;0,00;0,00;2,55;0,00;
INFLA;1082;Midtjylland;07-14;K;57199;1;0;0;0;0,00;0,00;1,75;0,00;
INFLA;1082;Midtjylland;07-14;M;60451;2;0;0;0;0,00;0,00;3,31;0,00;
INFLA;1082;Midtjylland;15-44;Alle;530168;33;1;0;0;0,03;0,19;6,22;0,00;
INFLA;1082;Midtjylland;15-44;K;260115;21;1;0;0;0,05;0,38;8,07;0,00;
INFLA;1082;Midtjylland;15-44;M;270053;12;0;0;0;0,00;0,00;4,44;0,00;
INFLA;1082;Midtjylland;45-64;Alle;344201;22;0;0;0;0,00;0,00;6,39;0,00;
INFLA;1082;Midtjylland;45-64;K;172615;13;0;0;0;0,00;0,00;7,53;0,00;
INFLA;1082;Midtjylland;45-64;M;171586;9;0;0;0;0,00;0,00;5,25;0,00;
INFLA;1082;Midtjylland;65-74;Alle;145022;12;1;1;0;0,08;0,69;8,27;0,69;
INFLA;1082;Midtjylland;65-74;K;74379;5;0;0;0;0,00;0,00;6,72;0,00;
INFLA;1082;Midtjylland;65-74;M;70643;7;1;1;0;0,14;1,42;9,91;1,42;
INFLA;1082;Midtjylland;75-84;Alle;109927;17;0;0;0;0,00;0,00;15,46;0,00;
INFLA;1082;Midtjylland;75-84;K;58555;7;0;0;0;0,00;0,00;11,95;0,00;
INFLA;1082;Midtjylland;75-84;M;51372;10;0;0;0;0,00;0,00;19,47;0,00;
INFLA;1082;Midtjylland;85+;Alle;34787;4;0;0;0;0,00;0,00;11,50;0,00;
INFLA;1082;Midtjylland;85+;K;21158;2;0;0;0;0,00;0,00;9,45;0,00;
INFLA;1082;Midtjylland;85+;M;13629;2;0;0;0;0,00;0,00;14,67;0,00;
INFLA;1082;Midtjylland;Alle;Alle;1383485;103;2;1;0;0,02;0,14;7,44;0,07;
INFLA;1082;Midtjylland;Alle;K;693408;52;1;0;0;0,02;0,14;7,50;0,00;
INFLA;1082;Midtjylland;Alle;M;690077;51;1;1;0;0,02;0,14;7,39;0,14;
INFLA;1081;Nordjylland;00-01;Alle;10750;13;0;0;0;0,00;0,00;120,93;0,00;
INFLA;1081;Nordjylland;00-01;K;5197;4;0;0;0;0,00;0,00;76,97;0,00;
INFLA;1081;Nordjylland;00-01;M;5553;9;0;0;0;0,00;0,00;162,07;0,00;
INFLA;1081;Nordjylland;02-06;Alle;28803;5;0;0;0;0,00;0,00;17,36;0,00;
INFLA;1081;Nordjylland;02-06;K;13950;2;0;0;0;0,00;0,00;14,34;0,00;
INFLA;1081;Nordjylland;02-06;M;14853;3;0;0;0;0,00;0,00;20,20;0,00;
INFLA;1081;Nordjylland;07-14;Alle;47991;3;0;0;0;0,00;0,00;6,25;0,00;
INFLA;1081;Nordjylland;07-14;K;23336;3;0;0;0;0,00;0,00;12,86;0,00;
INFLA;1081;Nordjylland;07-14;M;24655;0;0;0;0;0,00;0,00;0,00;0,00;
INFLA;1081;Nordjylland;15-44;Alle;213303;19;0;0;0;0,00;0,00;8,91;0,00;
INFLA;1081;Nordjylland;15-44;K;101815;13;0;0;0;0,00;0,00;12,77;0,00;
INFLA;1081;Nordjylland;15-44;M;111488;6;0;0;0;0,00;0,00;5,38;0,00;
INFLA;1081;Nordjylland;45-64;Alle;150996;13;1;0;0;0,08;0,66;8,61;0,00;
INFLA;1081;Nordjylland;45-64;K;75150;5;1;0;0;0,20;1,33;6,65;0,00;
INFLA;1081;Nordjylland;45-64;M;75846;8;0;0;0;0,00;0,00;10,55;0,00;
INFLA;1081;Nordjylland;65-74;Alle;69739;20;1;1;0;0,05;1,43;28,68;1,43;
INFLA;1081;Nordjylland;65-74;K;35553;9;1;1;0;0,11;2,81;25,31;2,81;
INFLA;1081;Nordjylland;65-74;M;34186;11;0;0;0;0,00;0,00;32,18;0,00;
INFLA;1081;Nordjylland;75-84;Alle;53873;39;0;0;0;0,00;0,00;72,39;0,00;
INFLA;1081;Nordjylland;75-84;K;28459;18;0;0;0;0,00;0,00;63,25;0,00;
INFLA;1081;Nordjylland;75-84;M;25414;21;0;0;0;0,00;0,00;82,63;0,00;
INFLA;1081;Nordjylland;85+;Alle;17290;25;0;0;0;0,00;0,00;144,59;0,00;
INFLA;1081;Nordjylland;85+;K;10483;14;0;0;0;0,00;0,00;133,55;0,00;
INFLA;1081;Nordjylland;85+;M;6807;11;0;0;0;0,00;0,00;161,60;0,00;
INFLA;1081;Nordjylland;Alle;Alle;592745;137;2;1;0;0,01;0,34;23,11;0,17;
INFLA;1081;Nordjylland;Alle;K;293943;68;2;1;0;0,03;0,68;23,13;0,34;
INFLA;1081;Nordjylland;Alle;M;298802;69;0;0;0;0,00;0,00;23,09;0,00;
INFLA;1085;Sjælland;00-01;Alle;14564;10;0;0;0;0,00;0,00;68,66;0,00;
INFLA;1085;Sjælland;00-01;K;7036;6;0;0;0;0,00;0,00;85,28;0,00;
INFLA;1085;Sjælland;00-01;M;7528;4;0;0;0;0,00;0,00;53,13;0,00;
INFLA;1085;Sjælland;02-06;Alle;41371;5;0;0;0;0,00;0,00;12,09;0,00;
INFLA;1085;Sjælland;02-06;K;20119;2;0;0;0;0,00;0,00;9,94;0,00;
INFLA;1085;Sjælland;02-06;M;21252;3;0;0;0;0,00;0,00;14,12;0,00;
INFLA;1085;Sjælland;07-14;Alle;71133;5;0;0;0;0,00;0,00;7,03;0,00;
INFLA;1085;Sjælland;07-14;K;34577;2;0;0;0;0,00;0,00;5,78;0,00;
INFLA;1085;Sjælland;07-14;M;36556;3;0;0;0;0,00;0,00;8,21;0,00;
INFLA;1085;Sjælland;15-44;Alle;281345;36;1;0;0;0,03;0,36;12,80;0,00;
INFLA;1085;Sjælland;15-44;K;136179;24;1;0;0;0,04;0,73;17,62;0,00;
INFLA;1085;Sjælland;15-44;M;145166;12;0;0;0;0,00;0,00;8,27;0,00;
INFLA;1085;Sjælland;45-64;Alle;238476;36;1;0;0;0,03;0,42;15,10;0,00;
INFLA;1085;Sjælland;45-64;K;119884;18;1;0;0;0,06;0,83;15,01;0,00;
INFLA;1085;Sjælland;45-64;M;118592;18;0;0;0;0,00;0,00;15,18;0,00;
INFLA;1085;Sjælland;65-74;Alle;103330;37;0;0;0;0,00;0,00;35,81;0,00;
INFLA;1085;Sjælland;65-74;K;53279;16;0;0;0;0,00;0,00;30,03;0,00;
INFLA;1085;Sjælland;65-74;M;50051;21;0;0;0;0,00;0,00;41,96;0,00;
INFLA;1085;Sjælland;75-84;Alle;83179;54;0;0;0;0,00;0,00;64,92;0,00;
INFLA;1085;Sjælland;75-84;K;44902;20;0;0;0;0,00;0,00;44,54;0,00;
INFLA;1085;Sjælland;75-84;M;38277;34;0;0;0;0,00;0,00;88,83;0,00;
INFLA;1085;Sjælland;85+;Alle;24797;36;1;0;1;0,03;4,03;145,18;0,00;
INFLA;1085;Sjælland;85+;K;15068;16;1;0;0;0,06;6,64;106,19;0,00;
INFLA;1085;Sjælland;85+;M;9729;20;0;0;1;0,00;0,00;205,57;0,00;
INFLA;1085;Sjælland;Alle;Alle;858195;219;3;0;1;0,01;0,35;25,52;0,00;
INFLA;1085;Sjælland;Alle;K;431044;104;3;0;0;0,03;0,70;24,13;0,00;
INFLA;1085;Sjælland;Alle;M;427151;115;0;0;1;0,00;0,00;26,92;0,00;
INFLA;1083;Syddanmark;00-01;Alle;22420;7;0;0;0;0,00;0,00;31,22;0,00;
INFLA;1083;Syddanmark;00-01;K;10872;3;0;0;0;0,00;0,00;27,59;0,00;
INFLA;1083;Syddanmark;00-01;M;11548;4;0;0;0;0,00;0,00;34,64;0,00;
INFLA;1083;Syddanmark;02-06;Alle;61360;2;0;0;0;0,00;0,00;3,26;0,00;
INFLA;1083;Syddanmark;02-06;K;29793;2;0;0;0;0,00;0,00;6,71;0,00;
INFLA;1083;Syddanmark;02-06;M;31567;0;0;0;0;0,00;0,00;0,00;0,00;
INFLA;1083;Syddanmark;07-14;Alle;104177;2;0;0;0;0,00;0,00;1,92;0,00;
INFLA;1083;Syddanmark;07-14;K;50465;0;0;0;0;0,00;0,00;0,00;0,00;
INFLA;1083;Syddanmark;07-14;M;53712;2;0;0;0;0,00;0,00;3,72;0,00;
INFLA;1083;Syddanmark;15-44;Alle;434443;33;1;0;0;0,03;0,23;7,60;0,00;
INFLA;1083;Syddanmark;15-44;K;210022;22;0;0;0;0,00;0,00;10,48;0,00;
INFLA;1083;Syddanmark;15-44;M;224421;11;1;0;0;0,09;0,45;4,90;0,00;
INFLA;1083;Syddanmark;45-64;Alle;327747;41;1;1;0;0,02;0,31;12,51;0,31;
INFLA;1083;Syddanmark;45-64;K;164084;17;0;0;0;0,00;0,00;10,36;0,00;
INFLA;1083;Syddanmark;45-64;M;163663;24;1;1;0;0,04;0,61;14,66;0,61;
INFLA;1083;Syddanmark;65-74;Alle;144580;49;1;0;0;0,02;0,69;33,89;0,00;
INFLA;1083;Syddanmark;65-74;K;73903;18;1;0;0;0,06;1,35;24,36;0,00;
INFLA;1083;Syddanmark;65-74;M;70677;31;0;0;0;0,00;0,00;43,86;0,00;
INFLA;1083;Syddanmark;75-84;Alle;110856;50;0;0;0;0,00;0,00;45,10;0,00;
INFLA;1083;Syddanmark;75-84;K;59364;17;0;0;0;0,00;0,00;28,64;0,00;
INFLA;1083;Syddanmark;75-84;M;51492;33;0;0;0;0,00;0,00;64,09;0,00;
INFLA;1083;Syddanmark;85+;Alle;36926;27;0;0;0;0,00;0,00;73,12;0,00;
INFLA;1083;Syddanmark;85+;K;22587;9;0;0;0;0,00;0,00;39,85;0,00;
INFLA;1083;Syddanmark;85+;M;14339;18;0;0;0;0,00;0,00;125,53;0,00;
INFLA;1083;Syddanmark;Alle;Alle;1242509;211;3;1;0;0,01;0,24;16,98;0,08;
INFLA;1083;Syddanmark;Alle;K;621090;88;1;0;0;0,01;0,16;14,17;0,00;
INFLA;1083;Syddanmark;Alle;M;621419;123;2;1;0;0,02;0,32;19,79;0,16;
INFLB;Alle;Alle;00-01;Alle;118782;104;0;0;0;0,00;0,00;87,56;0,00;
INFLB;Alle;Alle;00-01;K;57486;35;0;0;0;0,00;0,00;60,88;0,00;
INFLB;Alle;Alle;00-01;M;61296;69;0;0;0;0,00;0,00;112,57;0,00;
INFLB;Alle;Alle;02-06;Alle;306496;47;0;0;0;0,00;0,00;15,33;0,00;
INFLB;Alle;Alle;02-06;K;148920;20;0;0;0;0,00;0,00;13,43;0,00;
INFLB;Alle;Alle;02-06;M;157576;27;0;0;0;0,00;0,00;17,13;0,00;
INFLB;Alle;Alle;07-14;Alle;499478;42;0;0;0;0,00;0,00;8,41;0,00;
INFLB;Alle;Alle;07-14;K;242778;22;0;0;0;0,00;0,00;9,06;0,00;
INFLB;Alle;Alle;07-14;M;256700;20;0;0;0;0,00;0,00;7,79;0,00;
INFLB;Alle;Alle;15-44;Alle;2272414;411;0;0;0;0,00;0,00;18,09;0,00;
INFLB;Alle;Alle;15-44;K;1115818;245;0;0;0;0,00;0,00;21,96;0,00;
INFLB;Alle;Alle;15-44;M;1156596;164;0;0;0;0,00;0,00;14,18;0,00;
INFLB;Alle;Alle;45-64;Alle;1539939;394;0;0;0;0,00;0,00;25,59;0,00;
INFLB;Alle;Alle;45-64;K;773749;211;0;0;0;0,00;0,00;27,27;0,00;
INFLB;Alle;Alle;45-64;M;766190;177;0;0;0;0,00;0,00;23,10;0,00;
INFLB;Alle;Alle;65-74;Alle;632883;272;0;0;0;0,00;0,00;42,98;0,00;
INFLB;Alle;Alle;65-74;K;326083;135;0;0;0;0,00;0,00;41,40;0,00;
INFLB;Alle;Alle;65-74;M;306800;132;0;0;0;0,00;0,00;43,02;0,00;
INFLB;Alle;Alle;75-84;Alle;492054;359;0;0;0;0,00;0,00;72,96;0,00;
INFLB;Alle;Alle;75-84;K;266574;152;0;0;0;0,00;0,00;57,02;0,00;
INFLB;Alle;Alle;75-84;M;225480;203;0;0;0;0,00;0,00;90,03;0,00;
INFLB;Alle;Alle;85+;Alle;157342;194;0;0;0;0,00;0,00;123,30;0,00;
INFLB;Alle;Alle;85+;K;97291;96;0;0;0;0,00;0,00;98,67;0,00;
INFLB;Alle;Alle;85+;M;60051;98;0;0;0;0,00;0,00;163,19;0,00;
INFLB;Alle;Alle;Alle;Alle;6019388;1823;0;0;0;0,00;0,00;30,29;0,00;
INFLB;Alle;Alle;Alle;K;3028699;916;0;0;0;0,00;0,00;30,24;0,00;
INFLB;Alle;Alle;Alle;M;2990689;890;0;0;0;0,00;0,00;29,76;0,00;
INFLB;1084;Hovedstaden;00-01;Alle;42939;65;0;0;0;0,00;0,00;151,38;0,00;
INFLB;1084;Hovedstaden;00-01;K;20805;20;0;0;0;0,00;0,00;96,13;0,00;
INFLB;1084;Hovedstaden;00-01;M;22134;45;0;0;0;0,00;0,00;203,31;0,00;
INFLB;1084;Hovedstaden;02-06;Alle;101341;32;0;0;0;0,00;0,00;31,58;0,00;
INFLB;1084;Hovedstaden;02-06;K;49247;13;0;0;0;0,00;0,00;26,40;0,00;
INFLB;1084;Hovedstaden;02-06;M;52094;19;0;0;0;0,00;0,00;36,47;0,00;
INFLB;1084;Hovedstaden;07-14;Alle;158527;29;0;0;0;0,00;0,00;18,29;0,00;
INFLB;1084;Hovedstaden;07-14;K;77201;16;0;0;0;0,00;0,00;20,73;0,00;
INFLB;1084;Hovedstaden;07-14;M;81326;13;0;0;0;0,00;0,00;15,99;0,00;
INFLB;1084;Hovedstaden;15-44;Alle;813155;288;0;0;0;0,00;0,00;35,42;0,00;
INFLB;1084;Hovedstaden;15-44;K;407687;165;0;0;0;0,00;0,00;40,47;0,00;
INFLB;1084;Hovedstaden;15-44;M;405468;123;0;0;0;0,00;0,00;30,34;0,00;
INFLB;1084;Hovedstaden;45-64;Alle;478519;276;0;0;0;0,00;0,00;57,68;0,00;
INFLB;1084;Hovedstaden;45-64;K;242016;158;0;0;0;0,00;0,00;65,28;0,00;
INFLB;1084;Hovedstaden;45-64;M;236503;118;0;0;0;0,00;0,00;49,89;0,00;
INFLB;1084;Hovedstaden;65-74;Alle;170212;149;0;0;0;0,00;0,00;87,54;0,00;
INFLB;1084;Hovedstaden;65-74;K;88969;87;0;0;0;0,00;0,00;97,79;0,00;
INFLB;1084;Hovedstaden;65-74;M;81243;62;0;0;0;0,00;0,00;76,31;0,00;
INFLB;1084;Hovedstaden;75-84;Alle;134219;195;0;0;0;0,00;0,00;145,28;0,00;
INFLB;1084;Hovedstaden;75-84;K;75294;90;0;0;0;0,00;0,00;119,53;0,00;
INFLB;1084;Hovedstaden;75-84;M;58925;105;0;0;0;0,00;0,00;178,19;0,00;
INFLB;1084;Hovedstaden;85+;Alle;43542;102;0;0;0;0,00;0,00;234,26;0,00;
INFLB;1084;Hovedstaden;85+;K;27995;55;0;0;0;0,00;0,00;196,46;0,00;
INFLB;1084;Hovedstaden;85+;M;15547;47;0;0;0;0,00;0,00;302,31;0,00;
INFLB;1084;Hovedstaden;Alle;Alle;1942454;1136;0;0;0;0,00;0,00;58,48;0,00;
INFLB;1084;Hovedstaden;Alle;K;989214;604;0;0;0;0,00;0,00;61,06;0,00;
INFLB;1084;Hovedstaden;Alle;M;953240;532;0;0;0;0,00;0,00;55,81;0,00;
INFLB;1082;Midtjylland;00-01;Alle;28109;9;0;0;0;0,00;0,00;32,02;0,00;
INFLB;1082;Midtjylland;00-01;K;13576;2;0;0;0;0,00;0,00;14,73;0,00;
INFLB;1082;Midtjylland;00-01;M;14533;7;0;0;0;0,00;0,00;48,17;0,00;
INFLB;1082;Midtjylland;02-06;Alle;73621;3;0;0;0;0,00;0,00;4,07;0,00;
INFLB;1082;Midtjylland;02-06;K;35811;1;0;0;0;0,00;0,00;2,79;0,00;
INFLB;1082;Midtjylland;02-06;M;37810;2;0;0;0;0,00;0,00;5,29;0,00;
INFLB;1082;Midtjylland;07-14;Alle;117650;3;0;0;0;0,00;0,00;2,55;0,00;
INFLB;1082;Midtjylland;07-14;K;57199;1;0;0;0;0,00;0,00;1,75;0,00;
INFLB;1082;Midtjylland;07-14;M;60451;2;0;0;0;0,00;0,00;3,31;0,00;
INFLB;1082;Midtjylland;15-44;Alle;530168;33;0;0;0;0,00;0,00;6,22;0,00;
INFLB;1082;Midtjylland;15-44;K;260115;21;0;0;0;0,00;0,00;8,07;0,00;
INFLB;1082;Midtjylland;15-44;M;270053;12;0;0;0;0,00;0,00;4,44;0,00;
INFLB;1082;Midtjylland;45-64;Alle;344201;22;0;0;0;0,00;0,00;6,39;0,00;
INFLB;1082;Midtjylland;45-64;K;172615;13;0;0;0;0,00;0,00;7,53;0,00;
INFLB;1082;Midtjylland;45-64;M;171586;9;0;0;0;0,00;0,00;5,25;0,00;
INFLB;1082;Midtjylland;65-74;Alle;145022;12;0;0;0;0,00;0,00;8,27;0,00;
INFLB;1082;Midtjylland;65-74;K;74379;5;0;0;0;0,00;0,00;6,72;0,00;
INFLB;1082;Midtjylland;65-74;M;70643;7;0;0;0;0,00;0,00;9,91;0,00;
INFLB;1082;Midtjylland;75-84;Alle;109927;17;0;0;0;0,00;0,00;15,46;0,00;
INFLB;1082;Midtjylland;75-84;K;58555;7;0;0;0;0,00;0,00;11,95;0,00;
INFLB;1082;Midtjylland;75-84;M;51372;10;0;0;0;0,00;0,00;19,47;0,00;
INFLB;1082;Midtjylland;85+;Alle;34787;4;0;0;0;0,00;0,00;11,50;0,00;
INFLB;1082;Midtjylland;85+;K;21158;2;0;0;0;0,00;0,00;9,45;0,00;
INFLB;1082;Midtjylland;85+;M;13629;2;0;0;0;0,00;0,00;14,67;0,00;
INFLB;1082;Midtjylland;Alle;Alle;1383485;103;0;0;0;0,00;0,00;7,44;0,00;
INFLB;1082;Midtjylland;Alle;K;693408;52;0;0;0;0,00;0,00;7,50;0,00;
INFLB;1082;Midtjylland;Alle;M;690077;51;0;0;0;0,00;0,00;7,39;0,00;
INFLB;1081;Nordjylland;00-01;Alle;10750;13;0;0;0;0,00;0,00;120,93;0,00;
INFLB;1081;Nordjylland;00-01;K;5197;4;0;0;0;0,00;0,00;76,97;0,00;
INFLB;1081;Nordjylland;00-01;M;5553;9;0;0;0;0,00;0,00;162,07;0,00;
INFLB;1081;Nordjylland;02-06;Alle;28803;5;0;0;0;0,00;0,00;17,36;0,00;
INFLB;1081;Nordjylland;02-06;K;13950;2;0;0;0;0,00;0,00;14,34;0,00;
INFLB;1081;Nordjylland;02-06;M;14853;3;0;0;0;0,00;0,00;20,20;0,00;
INFLB;1081;Nordjylland;07-14;Alle;47991;3;0;0;0;0,00;0,00;6,25;0,00;
INFLB;1081;Nordjylland;07-14;K;23336;3;0;0;0;0,00;0,00;12,86;0,00;
INFLB;1081;Nordjylland;07-14;M;24655;0;0;0;0;0,00;0,00;0,00;0,00;
INFLB;1081;Nordjylland;15-44;Alle;213303;19;0;0;0;0,00;0,00;8,91;0,00;
INFLB;1081;Nordjylland;15-44;K;101815;13;0;0;0;0,00;0,00;12,77;0,00;
INFLB;1081;Nordjylland;15-44;M;111488;6;0;0;0;0,00;0,00;5,38;0,00;
INFLB;1081;Nordjylland;45-64;Alle;150996;13;0;0;0;0,00;0,00;8,61;0,00;
INFLB;1081;Nordjylland;45-64;K;75150;5;0;0;0;0,00;0,00;6,65;0,00;
INFLB;1081;Nordjylland;45-64;M;75846;8;0;0;0;0,00;0,00;10,55;0,00;
INFLB;1081;Nordjylland;65-74;Alle;69739;20;0;0;0;0,00;0,00;28,68;0,00;
INFLB;1081;Nordjylland;65-74;K;35553;9;0;0;0;0,00;0,00;25,31;0,00;
INFLB;1081;Nordjylland;65-74;M;34186;11;0;0;0;0,00;0,00;32,18;0,00;
INFLB;1081;Nordjylland;75-84;Alle;53873;39;0;0;0;0,00;0,00;72,39;0,00;
INFLB;1081;Nordjylland;75-84;K;28459;18;0;0;0;0,00;0,00;63,25;0,00;
INFLB;1081;Nordjylland;75-84;M;25414;21;0;0;0;0,00;0,00;82,63;0,00;
INFLB;1081;Nordjylland;85+;Alle;17290;25;0;0;0;0,00;0,00;144,59;0,00;
INFLB;1081;Nordjylland;85+;K;10483;14;0;0;0;0,00;0,00;133,55;0,00;
INFLB;1081;Nordjylland;85+;M;6807;11;0;0;0;0,00;0,00;161,60;0,00;
INFLB;1081;Nordjylland;Alle;Alle;592745;137;0;0;0;0,00;0,00;23,11;0,00;
INFLB;1081;Nordjylland;Alle;K;293943;68;0;0;0;0,00;0,00;23,13;0,00;
INFLB;1081;Nordjylland;Alle;M;298802;69;0;0;0;0,00;0,00;23,09;0,00;
INFLB;1085;Sjælland;00-01;Alle;14564;10;0;0;0;0,00;0,00;68,66;0,00;
INFLB;1085;Sjælland;00-01;K;7036;6;0;0;0;0,00;0,00;85,28;0,00;
INFLB;1085;Sjælland;00-01;M;7528;4;0;0;0;0,00;0,00;53,13;0,00;
INFLB;1085;Sjælland;02-06;Alle;41371;5;0;0;0;0,00;0,00;12,09;0,00;
INFLB;1085;Sjælland;02-06;K;20119;2;0;0;0;0,00;0,00;9,94;0,00;
INFLB;1085;Sjælland;02-06;M;21252;3;0;0;0;0,00;0,00;14,12;0,00;
INFLB;1085;Sjælland;07-14;Alle;71133;5;0;0;0;0,00;0,00;7,03;0,00;
INFLB;1085;Sjælland;07-14;K;34577;2;0;0;0;0,00;0,00;5,78;0,00;
INFLB;1085;Sjælland;07-14;M;36556;3;0;0;0;0,00;0,00;8,21;0,00;
INFLB;1085;Sjælland;15-44;Alle;281345;36;0;0;0;0,00;0,00;12,80;0,00;
INFLB;1085;Sjælland;15-44;K;136179;24;0;0;0;0,00;0,00;17,62;0,00;
INFLB;1085;Sjælland;15-44;M;145166;12;0;0;0;0,00;0,00;8,27;0,00;
INFLB;1085;Sjælland;45-64;Alle;238476;36;0;0;0;0,00;0,00;15,10;0,00;
INFLB;1085;Sjælland;45-64;K;119884;18;0;0;0;0,00;0,00;15,01;0,00;
INFLB;1085;Sjælland;45-64;M;118592;18;0;0;0;0,00;0,00;15,18;0,00;
INFLB;1085;Sjælland;65-74;Alle;103330;37;0;0;0;0,00;0,00;35,81;0,00;
INFLB;1085;Sjælland;65-74;K;53279;16;0;0;0;0,00;0,00;30,03;0,00;
INFLB;1085;Sjælland;65-74;M;50051;21;0;0;0;0,00;0,00;41,96;0,00;
INFLB;1085;Sjælland;75-84;Alle;83179;54;0;0;0;0,00;0,00;64,92;0,00;
INFLB;1085;Sjælland;75-84;K;44902;20;0;0;0;0,00;0,00;44,54;0,00;
INFLB;1085;Sjælland;75-84;M;38277;34;0;0;0;0,00;0,00;88,83;0,00;
INFLB;1085;Sjælland;85+;Alle;24797;36;0;0;0;0,00;0,00;145,18;0,00;
INFLB;1085;Sjælland;85+;K;15068;16;0;0;0;0,00;0,00;106,19;0,00;
INFLB;1085;Sjælland;85+;M;9729;20;0;0;0;0,00;0,00;205,57;0,00;
INFLB;1085;Sjælland;Alle;Alle;858195;219;0;0;0;0,00;0,00;25,52;0,00;
INFLB;1085;Sjælland;Alle;K;431044;104;0;0;0;0,00;0,00;24,13;0,00;
INFLB;1085;Sjælland;Alle;M;427151;115;0;0;0;0,00;0,00;26,92;0,00;
INFLB;1083;Syddanmark;00-01;Alle;22420;7;0;0;0;0,00;0,00;31,22;0,00;
INFLB;1083;Syddanmark;00-01;K;10872;3;0;0;0;0,00;0,00;27,59;0,00;
INFLB;1083;Syddanmark;00-01;M;11548;4;0;0;0;0,00;0,00;34,64;0,00;
INFLB;1083;Syddanmark;02-06;Alle;61360;2;0;0;0;0,00;0,00;3,26;0,00;
INFLB;1083;Syddanmark;02-06;K;29793;2;0;0;0;0,00;0,00;6,71;0,00;
INFLB;1083;Syddanmark;02-06;M;31567;0;0;0;0;0,00;0,00;0,00;0,00;
INFLB;1083;Syddanmark;07-14;Alle;104177;2;0;0;0;0,00;0,00;1,92;0,00;
INFLB;1083;Syddanmark;07-14;K;50465;0;0;0;0;0,00;0,00;0,00;0,00;
INFLB;1083;Syddanmark;07-14;M;53712;2;0;0;0;0,00;0,00;3,72;0,00;
INFLB;1083;Syddanmark;15-44;Alle;434443;33;0;0;0;0,00;0,00;7,60;0,00;
INFLB;1083;Syddanmark;15-44;K;210022;22;0;0;0;0,00;0,00;10,48;0,00;
INFLB;1083;Syddanmark;15-44;M;224421;11;0;0;0;0,00;0,00;4,90;0,00;
INFLB;1083;Syddanmark;45-64;Alle;327747;41;0;0;0;0,00;0,00;12,51;0,00;
INFLB;1083;Syddanmark;45-64;K;164084;17;0;0;0;0,00;0,00;10,36;0,00;
INFLB;1083;Syddanmark;45-64;M;163663;24;0;0;0;0,00;0,00;14,66;0,00;
INFLB;1083;Syddanmark;65-74;Alle;144580;49;0;0;0;0,00;0,00;33,89;0,00;
INFLB;1083;Syddanmark;65-74;K;73903;18;0;0;0;0,00;0,00;24,36;0,00;
INFLB;1083;Syddanmark;65-74;M;70677;31;0;0;0;0,00;0,00;43,86;0,00;
INFLB;1083;Syddanmark;75-84;Alle;110856;50;0;0;0;0,00;0,00;45,10;0,00;
INFLB;1083;Syddanmark;75-84;K;59364;17;0;0;0;0,00;0,00;28,64;0,00;
INFLB;1083;Syddanmark;75-84;M;51492;33;0;0;0;0,00;0,00;64,09;0,00;
INFLB;1083;Syddanmark;85+;Alle;36926;27;0;0;0;0,00;0,00;73,12;0,00;
INFLB;1083;Syddanmark;85+;K;22587;9;0;0;0;0,00;0,00;39,85;0,00;
INFLB;1083;Syddanmark;85+;M;14339;18;0;0;0;0,00;0,00;125,53;0,00;
INFLB;1083;Syddanmark;Alle;Alle;1242509;211;0;0;0;0,00;0,00;16,98;0,00;
INFLB;1083;Syddanmark;Alle;K;621090;88;0;0;0;0,00;0,00;14,17;0,00;
INFLB;1083;Syddanmark;Alle;M;621419;123;0;0;0;0,00;0,00;19,79;0,00;
