"Regionskode";"Region";"Aldersgruppe";"Bekræftede tilfælde i alt";"Døde";"timestamp_2026-10-06T11:40:01.679"
;;;53;0;
;;0-9;720;5;
1084;Hovedstaden;0-9;120703;5;
1082;Midtjylland;0-9;80012;2;
1081;Nordjylland;0-9;34506;1;
1085;Sjælland;0-9;45327;0;
1083;Syddanmark;0-9;73608;1;
;;10-19;1397;0;
1084;Hovedstaden;10-19;165674;1;
1082;Midtjylland;10-19;126082;0;
1081;Nordjylland;10-19;54492;4;
1085;Sjælland;10-19;76129;0;
1083;Syddanmark;10-19;111710;0;
;;20-29;4033;4;
1084;Hovedstaden;20-29;198403;10;
1082;Midtjylland;20-29;121338;1;
1081;Nordjylland;20-29;52009;2;
1085;Sjælland;20-29;53357;2;
1083;Syddanmark;20-29;91078;11;
;;30-39;4393;3;
1084;Hovedstaden;30-39;185985;14;
1082;Midtjylland;30-39;110468;6;
1081;Nordjylland;30-39;46478;3;
1085;Sjælland;30-39;62331;6;
1083;Syddanmark;30-39;93788;7;
;;40-49;3735;7;
1084;Hovedstaden;40-49;172043;32;
1082;Midtjylland;40-49;109940;17;
1081;Nordjylland;40-49;46982;7;
1085;Sjælland;40-49;71143;21;
1083;Syddanmark;40-49;97881;19;
;;50-59;2635;8;
1084;Hovedstaden;50-59;141039;115;
1082;Midtjylland;50-59;98462;43;
1081;Nordjylland;50-59;45537;28;
1085;Sjælland;50-59;69705;69;
1083;Syddanmark;50-59;94172;59;
;;60-69;1127;10;
1084;Hovedstaden;60-69;83840;359;
1082;Midtjylland;60-69;68338;125;
1081;Nordjylland;60-69;33865;116;
1085;Sjælland;60-69;45692;181;
1083;Syddanmark;60-69;65453;186;
;;70-79;458;7;
1084;Hovedstaden;70-79;54919;1072;
1082;Midtjylland;70-79;43561;399;
1081;Nordjylland;70-79;23249;316;
1085;Sjælland;70-79;31427;512;
1083;Syddanmark;70-79;43937;515;
;;80-89;163;14;
1084;Hovedstaden;80-89;23480;1570;
1082;Midtjylland;80-89;15044;623;
1081;Nordjylland;80-89;9000;419;
1085;Sjælland;80-89;11605;672;
1083;Syddanmark;80-89;17172;820;
;;90+;49;4;
1084;Hovedstaden;90+;6199;903;
1082;Midtjylland;90+;3255;350;
1081;Nordjylland;90+;1906;252;
1085;Sjælland;90+;2385;350;
1083;Syddanmark;90+;3664;441;
