"Regionskode";"Region";"Aldersgruppe";"Bekræftede tilfælde i alt";"Døde";"Indlagte";"Dato";"timestamp_2026-10-06T11:40:01.679"
1084;Hovedstaden;20-29;4;0;0;2026-10-06;
1084;Hovedstaden;30-39;4;0;0;2026-10-06;
1084;Hovedstaden;40-49;3;0;0;2026-10-06;
1082;Midtjylland;40-49;1;0;1;2026-10-06;
1081;Nordjylland;40-49;1;0;1;2026-10-06;
1085;Sjælland;40-49;1;0;0;2026-10-06;
1084;Hovedstaden;50-59;2;0;1;2026-10-06;
1084;Hovedstaden;60-69;7;0;1;2026-10-06;
1082;Midtjylland;60-69;1;0;1;2026-10-06;
1084;Hovedstaden;70-79;4;0;2;2026-10-06;
1083;Syddanmark;70-79;1;0;1;2026-10-06;
1084;Hovedstaden;80-89;8;0;5;2026-10-06;
1085;Sjælland;80-89;2;0;0;2026-10-06;
1083;Syddanmark;80-89;1;0;1;2026-10-06;
1084;Hovedstaden;90+;2;0;1;2026-10-06;
